{"0": [[0.17089589599253552, 0.0034160039718221535, 1.4778187812535804e-05, 9.454878634077569e-12, 1.0284159815418881e-19, 1.1310793667745619e-29], [0.1, 0.1, 0.1]], "1": [[0.9560364039788305, 0.419588759145394, 0.03721602386672586, 3.860413353894479e-06, 3.1243537236403136e-12, 1.8748082412548397e-20], [0.1, 0.1, 0.2]], "2": [[0.9999956060839068, 0.9918047733308241, 0.7655873396761836, 0.018114320878918566, 2.2878429591445542e-06, 1.603200887543699e-12], [0.1, 0.1, 0.30000000000000004]], "0": [[0.9999999995153288, 0.9999678831381458, 0.9884149394209439, 0.2689191255489717, 0.000817253426181932, 1.306923199149121e-08], [0.1, 0.1, 0.4]], "1": [[1.0, 0.9999999999825189, 0.9999993046776692, 0.9675031722470894, 0.22741861773085928, 0.000684973052477412], [0.1, 0.1, 0.5]], "2": [[0.25446689556818053, 0.007485083249922383, 4.465728335074982e-05, 4.796491002945819e-11, 8.04590502051939e-19, 1.321171941759456e-28], [0.1, 0.30000000000000004, 0.1]], "3": [[0.9743598829113734, 0.5107052353306365, 0.0590003918497903, 1.0014781202433885e-05, 1.2427858464478174e-11, 1.1110456308034682e-19], [0.1, 0.30000000000000004, 0.2]], "4": [[0.999925064001064, 0.9621984212285107, 0.548653219035292, 0.0038194321203440843, 1.393125676417335e-07, 2.986866013222673e-14], [0.1, 0.30000000000000004, 0.30000000000000004]], "5": [[0.9999999995153288, 0.9999678831381458, 0.9884149394209439, 0.2689191255489717, 0.000817253426181932, 1.306923199149121e-08], [0.1, 0.30000000000000004, 0.4]], "6": [[1.0, 0.9999999999999983, 0.999999999296924, 0.998801025500333, 0.6631498581549289, 0.020434246933247004], [0.1, 0.30000000000000004, 0.5]], "7": [[0.4602141387236859, 0.02827113281294072, 0.00031794019219854924, 9.57929574284109e-10, 3.8169506498600284e-17, 1.3963786280933482e-26], [0.1, 0.5000000000000001, 0.1]], "8": [[0.9960828933835, 0.7580761751460338, 0.179925734239259, 0.00012988766870528572, 5.778604191876374e-10, 1.7052870296803707e-17], [0.1, 0.5000000000000001, 0.2]], "9": [[0.9999999809718442, 0.999672728266301, 0.9554165422861606, 0.12245431561004508, 0.00011627870604563549, 5.791313407224418e-10], [0.1, 0.5000000000000001, 0.30000000000000004]], "10": [[0.9999999998663294, 0.9999860882600493, 0.9930291259494782, 0.3315513380639063, 0.0014688389260003104, 3.457809157094191e-08], [0.1, 0.5000000000000001, 0.4]], "11": [[1.0, 0.9999999999999983, 0.999999999296924, 0.998801025500333, 0.6631498581549289, 0.020434246933247004], [0.1, 0.5000000000000001, 0.5]], "12": [[0.9999956060839068, 0.9918047733308241, 0.7655873396761836, 0.018114320878918566, 2.2878429591445542e-06, 1.603200887543699e-12], [0.1, 0.7000000000000001, 0.1]], "13": [[0.9999999942148405, 0.9998441743495334, 0.9707001575792862, 0.1636336275804472, 0.00023009283128722286, 1.692318942877806e-09], [0.1, 0.7000000000000001, 0.2]], "14": [[0.9999999999999999, 0.9999999993800378, 0.999991113995678, 0.9079315007952327, 0.10498643946246107, 0.00010753829720776393], [0.1, 0.7000000000000001, 0.30000000000000004]], "15": [[1.0, 0.999999999994968, 0.9999997184747241, 0.9781361495444073, 0.2811497399660577, 0.0012027581078031806], [0.1, 0.7000000000000001, 0.4]], "16": [[1.0, 1.0, 0.9999999999977093, 0.9999467784057059, 0.8938667310979708, 0.11027241884720772], [0.1, 0.7000000000000001, 0.5]], "17": [[0.8870234298382651, 0.25092819541598055, 0.01275310091758635, 4.882944090954868e-07, 1.6770324562627856e-13, 4.530180846756275e-22], [0.4, 0.1, 0.1]], "18": [[0.9995890696246675, 0.9118534653208833, 0.3869310825882931, 0.0011186476420620582, 1.7662601503190778e-08, 1.7152040327858903e-15], [0.4, 0.1, 0.2]], "19": [[0.9999994469471807, 0.9975041052984661, 0.8683182909112117, 0.04286088719200067, 1.2245482191997642e-05, 1.884333300043758e-11], [0.4, 0.1, 0.30000000000000004]], "20": [[0.9999999998663294, 0.9999860882600493, 0.9930291259494782, 0.3315513380639063, 0.0014688389260003104, 3.457809157094191e-08], [0.4, 0.1, 0.4]], "21": [[1.0, 0.9999999999999934, 0.999999997958874, 0.9979283775419269, 0.6006724133951791, 0.013576295368823047], [0.4, 0.1, 0.5]], "22": [[0.830840669296925, 0.18119372155624572, 0.006889119958100815, 1.5945684727591974e-07, 3.563817334479237e-14, 6.456820763672327e-23], [0.4, 0.30000000000000004, 0.1]], "23": [[0.9998210862017188, 0.9412646079473325, 0.4674566277071328, 0.002108463943003115, 5.064000196243429e-08, 7.308605906846984e-15], [0.4, 0.30000000000000004, 0.2]], "24": [[0.9999956060839068, 0.9918047733308241, 0.7655873396761836, 0.018114320878918566, 2.2878429591445542e-06, 1.603200887543699e-12], [0.4, 0.30000000000000004, 0.30000000000000004]], "25": [[0.999999999964283, 0.9999941572880886, 0.9959264058627437, 0.3989694007045621, 0.0025598658094170856, 8.860034353793354e-08], [0.4, 0.30000000000000004, 0.4]], "26": [[1.0, 0.9999999999999999, 0.9999999999229734, 0.9996277725153486, 0.7740555868157574, 0.043035551592985465], [0.4, 0.30000000000000004, 0.5]], "27": [[0.9743598829113734, 0.5107052353306365, 0.0590003918497903, 1.0014781202433885e-05, 1.2427858464478174e-11, 1.1110456308034682e-19], [0.4, 0.5000000000000001, 0.1]], "28": [[0.9998210862017188, 0.9412646079473325, 0.4674566277071328, 0.002108463943003115, 5.064000196243429e-08, 7.308605906846984e-15], [0.4, 0.5000000000000001, 0.2]], "29": [[0.9999999394692397, 0.9993344284056371, 0.9341286495564511, 0.08899612463409393, 5.683114955784243e-05, 1.9150351497191236e-10], [0.4, 0.5000000000000001, 0.30000000000000004]], "30": [[0.9999999999994345, 0.9999996393167546, 0.9993170223956278, 0.6095566286672109, 0.011333158340382515, 1.2357914529079774e-06], [0.4, 0.5000000000000001, 0.4]], "31": [[1.0, 1.0, 0.9999999999754975, 0.9998003464563493, 0.8205623354126607, 0.06026458485474421], [0.4, 0.5000000000000001, 0.5]], "32": [[0.9999999394692397, 0.9993344284056371, 0.9341286495564511, 0.08899612463409393, 5.683114955784243e-05, 1.9150351497191236e-10], [0.4, 0.7000000000000001, 0.1]], "33": [[0.9999999995153288, 0.9999678831381458, 0.9884149394209439, 0.2689191255489717, 0.000817253426181932, 1.306923199149121e-08], [0.4, 0.7000000000000001, 0.2]], "34": [[0.9999999999999694, 0.9999999514674617, 0.9998201320820017, 0.7358792024681775, 0.026488557158186658, 6.152786779932871e-06], [0.4, 0.7000000000000001, 0.30000000000000004]], "35": [[1.0, 0.999999999994968, 0.9999997184747241, 0.9781361495444073, 0.2811497399660577, 0.0012027581078031806], [0.4, 0.7000000000000001, 0.4]], "36": [[1.0, 1.0, 0.9999999999998073, 0.9999871870157371, 0.9425404375028122, 0.18458073483089418], [0.4, 0.7000000000000001, 0.5]], "37": [[0.9856903433141054, 0.6001904702542505, 0.08930907773927126, 2.469352190950924e-05, 4.694520938700705e-11, 6.250884554924424e-19], [0.7000000000000001, 0.1, 0.1]], "38": [[0.9995890696246675, 0.9118534653208833, 0.3869310825882931, 0.0011186476420620582, 1.7662601503190778e-08, 1.7152040327858903e-15], [0.7000000000000001, 0.1, 0.2]], "39": [[0.9999999394692397, 0.9993344284056371, 0.9341286495564511, 0.08899612463409393, 5.683114955784243e-05, 1.9150351497191236e-10], [0.7000000000000001, 0.1, 0.30000000000000004]], "40": [[0.9999999999998663, 0.9999998657300675, 0.9996444700559118, 0.6753618764146913, 0.01756852242542191, 2.798809835008591e-06], [0.7000000000000001, 0.1, 0.4]], "41": [[1.0, 1.0, 0.9999999999754975, 0.9998003464563493, 0.8205623354126607, 0.06026458485474421], [0.7000000000000001, 0.1, 0.5]], "42": [[0.9856903433141054, 0.6001904702542505, 0.08930907773927126, 2.469352190950924e-05, 4.694520938700705e-11, 6.250884554924424e-19], [0.7000000000000001, 0.30000000000000004, 0.1]], "43": [[0.999925064001064, 0.9621984212285107, 0.548653219035292, 0.0038194321203440843, 1.393125676417335e-07, 2.986866013222673e-14], [0.7000000000000001, 0.30000000000000004, 0.2]], "44": [[0.9999999394692397, 0.9993344284056371, 0.9341286495564511, 0.08899612463409393, 5.683114955784243e-05, 1.9150351497191236e-10], [0.7000000000000001, 0.30000000000000004, 0.30000000000000004]],